<?xml version="1.0" encoding="ISO-8859-1"?>
<?xml-stylesheet type="text/xsl" href="scheduler_configuration_documentation.xsl"?>
<settings>
    <job_chain name="FILE">
        <order>  
            <process state="start">
                 <params/>
            </process>
         	<process state="watch-job">
            	<params>
            	  <param name="impl" value="common"/> 
	              <param name="configId" value="LIST-DT"/>
	        	</params>
	        </process>
            <process state="next-job">
                <params>
                	<param name="impl" value="common"/> 
                    <param name="common" value="true"/> 
                    <param name="configId" value="GENERATEMETADATA-DT"/>           
                </params>
    </job_chain>
</settings>
